page_url,data_key,data_value,created_at
https://gpsc.gujarat.gov.in/Documents/AdvertismentDocument/LECI-SD-DILR.pdf,Keyvalue,"( DISTRICT INSPECTOR OF LAND RECORDS , Class -II)",2025-11-17 06:10:13.375028
https://gpsc.gujarat.gov.in/Documents/AdvertismentDocument/LECI-SD-DILR.pdf,Date,23/03/2025,2025-11-17 06:10:13.370937
https://gpsc.gujarat.gov.in/Documents/AdvertismentDocument/LECI-SD-DILR.pdf,Date,19/03/2025,2025-11-17 06:10:13.357151
https://gpsc.gujarat.gov.in/Documents/AdvertismentDocument/INCDU-04-11-2025.pdf,Date,૦૪-૧૧-૨૦૨૫,2025-11-17 06:10:12.634839
https://gpsc.gujarat.gov.in/Documents/AdvertismentDocument/INCDU-04-11-2025.pdf,Email,gpsc-ahd@gujarat.gov.in,2025-11-17 06:10:12.631114
https://gpsc.gujarat.gov.in/Documents/AdvertismentDocument/INCDU-04-11-2025.pdf,Keyvalue,Call Letter / Form” પર “Click” કરવુાં. (૩) અહીં ઉમેદવારે  પોતાની  “Job Select” કરવી  તથા,2025-11-17 06:10:12.629514
https://gpsc.gujarat.gov.in/Documents/AdvertismentDocument/INCDU-04-11-2025.pdf,Date,૨૭/૧૧/૨૦૨૫,2025-11-17 06:10:12.628219
https://gpsc.gujarat.gov.in/Documents/AdvertismentDocument/INCDU-04-11-2025.pdf,Date,૦૭/૧૨/૨૦૨૫,2025-11-17 06:10:12.626968
https://gpsc.gujarat.gov.in/Documents/AdvertismentDocument/INCDU-04-11-2025.pdf,Date,૧૩/૧૧/૨૦૨૫,2025-11-17 06:10:12.625597
https://gpsc.gujarat.gov.in/Documents/AdvertismentDocument/INCDU-04-11-2025.pdf,Date,૨૪/૧૧/૨૦૨૫,2025-11-17 06:10:12.624121
https://gpsc.gujarat.gov.in/Documents/AdvertismentDocument/INCDU-04-11-2025.pdf,Date,૨૩/૧૧/૨૦૨૫,2025-11-17 06:10:12.622238
https://gpsc.gujarat.gov.in/Documents/AdvertismentDocument/INCDU-04-11-2025.pdf,Date,૧૩/૧૧/૨૦૨૫,2025-11-17 06:10:12.619646
https://gpsc.gujarat.gov.in/Documents/AdvertismentDocument/INCDU-04-11-2025.pdf,Date,૨૪/૧૧/૨૦૨૫,2025-11-17 06:10:12.617106
https://gpsc.gujarat.gov.in/Documents/AdvertismentDocument/INCDU-04-11-2025.pdf,Date,૨૩/૧૧/૨૦૨૫,2025-11-17 06:10:12.614322
https://gpsc.gujarat.gov.in/Documents/AdvertismentDocument/INCDU-04-11-2025.pdf,Date,૧૩/૧૧/૨૦૨૫,2025-11-17 06:10:12.612696
https://gpsc.gujarat.gov.in/Documents/AdvertismentDocument/INCDU-04-11-2025.pdf,Date,૨૪/૧૧/૨૦૨૫,2025-11-17 06:10:12.611336
https://gpsc.gujarat.gov.in/Documents/AdvertismentDocument/INCDU-04-11-2025.pdf,Date,૨૩/૧૧/૨૦૨૫,2025-11-17 06:10:12.609884
https://gpsc.gujarat.gov.in/Documents/AdvertismentDocument/INCDU-04-11-2025.pdf,Date,૧૩/૧૧/૨૦૨૫,2025-11-17 06:10:12.608447
https://gpsc.gujarat.gov.in/Documents/AdvertismentDocument/INCDU-04-11-2025.pdf,Date,૨૪/૧૧/૨૦૨૫,2025-11-17 06:10:12.606852
https://gpsc.gujarat.gov.in/Documents/AdvertismentDocument/INCDU-04-11-2025.pdf,Date,૨૩/૧૧/૨૦૨૫,2025-11-17 06:10:12.604594
https://gpsc.gujarat.gov.in/Documents/AdvertismentDocument/INCDU-04-11-2025.pdf,Date,૧૩/૧૧/૨૦૨૫,2025-11-17 06:10:12.602011
https://gpsc.gujarat.gov.in/Documents/AdvertismentDocument/INCDU-04-11-2025.pdf,Date,૨૬/૧૧/૨૦૨૫,2025-11-17 06:10:12.597616
https://gpsc.gujarat.gov.in/Documents/AdvertismentDocument/INCDU-04-11-2025.pdf,Date,૨૩/૧૧/૨૦૨૫,2025-11-17 06:10:12.595454
https://gpsc.gujarat.gov.in/Documents/AdvertismentDocument/INCDU-04-11-2025.pdf,Date,૧૩/૧૧/૨૦૨૫,2025-11-17 06:10:12.593182
https://gpsc.gujarat.gov.in/Documents/AdvertismentDocument/INCDU-04-11-2025.pdf,Date,૨૩/૧૧/૨૦૨૫,2025-11-17 06:10:12.591777
https://gpsc.gujarat.gov.in/Documents/AdvertismentDocument/INCDU-04-11-2025.pdf,Date,૧૩/૧૧/૨૦૨૫,2025-11-17 06:10:12.590318
https://gpsc.gujarat.gov.in/Documents/AdvertismentDocument/INCDU-04-11-2025.pdf,Date,૨૪/૧૧/૨૦૨૫,2025-11-17 06:10:12.588129
https://gpsc.gujarat.gov.in/Documents/AdvertismentDocument/INCDU-04-11-2025.pdf,Date,૨૩/૧૧/૨૦૨૫,2025-11-17 06:10:12.585428
https://gpsc.gujarat.gov.in/Documents/AdvertismentDocument/INCDU-04-11-2025.pdf,Date,૨૦/૧૧/૨૦૨૫,2025-11-17 06:10:12.58098
https://gpsc.gujarat.gov.in/Documents/AdvertismentDocument/INCDU-04-11-2025.pdf,Date,૧૦/૧૧/૨૦૨૫,2025-11-17 06:10:12.579331
https://gpsc.gujarat.gov.in/Documents/AdvertismentDocument/INCDU-04-11-2025.pdf,Date,૨૦/૧૧/૨૦૨૫,2025-11-17 06:10:12.577893
https://gpsc.gujarat.gov.in/Documents/AdvertismentDocument/INCDU-04-11-2025.pdf,Date,૧૦/૧૧/૨૦૨૫,2025-11-17 06:10:12.576277
https://gpsc.gujarat.gov.in/Documents/AdvertismentDocument/INCDU-04-11-2025.pdf,Date,૨૦/૧૧/૨૦૨૫,2025-11-17 06:10:12.574497
https://gpsc.gujarat.gov.in/Documents/AdvertismentDocument/INCDU-04-11-2025.pdf,Date,૧૦/૧૧/૨૦૨૫,2025-11-17 06:10:12.572764
https://gpsc.gujarat.gov.in/Documents/AdvertismentDocument/INCDU-04-11-2025.pdf,Date,૨૧/૧૧/૨૦૨૫,2025-11-17 06:10:12.57037
https://gpsc.gujarat.gov.in/Documents/AdvertismentDocument/INCDU-04-11-2025.pdf,Date,૧૦/૧૧/૨૦૨૫,2025-11-17 06:10:12.567346
https://gpsc.gujarat.gov.in/Documents/AdvertismentDocument/INCDU-04-11-2025.pdf,Date,૨૧/૧૧/૨૦૨૫,2025-11-17 06:10:12.563758
https://gpsc.gujarat.gov.in/Documents/AdvertismentDocument/INCDU-04-11-2025.pdf,Date,૧૦/૧૧/૨૦૨૫,2025-11-17 06:10:12.562303
https://gpsc.gujarat.gov.in/Documents/AdvertismentDocument/INCDU-04-11-2025.pdf,Date,૨૦/૧૧/૨૦૨૫,2025-11-17 06:10:12.560806
https://gpsc.gujarat.gov.in/Documents/AdvertismentDocument/INCDU-04-11-2025.pdf,Date,૧૦/૧૧/૨૦૨૫,2025-11-17 06:10:12.559263
https://gpsc.gujarat.gov.in/Documents/AdvertismentDocument/INCDU-04-11-2025.pdf,Date,૨૦/૧૧/૨૦૨૫,2025-11-17 06:10:12.557472
https://gpsc.gujarat.gov.in/Documents/AdvertismentDocument/INCDU-04-11-2025.pdf,Date,૧૦/૧૧/૨૦૨૫,2025-11-17 06:10:12.55512
https://gpsc.gujarat.gov.in/Documents/AdvertismentDocument/INCDU-04-11-2025.pdf,Date,૨૧/૧૧/૨૦૨૫,2025-11-17 06:10:12.552987
https://gpsc.gujarat.gov.in/Documents/AdvertismentDocument/INCDU-04-11-2025.pdf,Date,૧૦/૧૧/૨૦૨૫,2025-11-17 06:10:12.549362
https://gpsc.gujarat.gov.in/Documents/AdvertismentDocument/INCDU-04-11-2025.pdf,Date,૨૦/૧૧/૨૦૨૫,2025-11-17 06:10:12.546506
https://gpsc.gujarat.gov.in/Documents/AdvertismentDocument/INCDU-04-11-2025.pdf,Date,૧૦/૧૧/૨૦૨૫,2025-11-17 06:10:12.54482
https://gpsc.gujarat.gov.in/Documents/AdvertismentDocument/INCDU-04-11-2025.pdf,Date,૨૦/૧૧/૨૦૨૫,2025-11-17 06:10:12.542525
https://gpsc.gujarat.gov.in/Documents/AdvertismentDocument/INCDU-04-11-2025.pdf,Date,૧૦/૧૧/૨૦૨૫,2025-11-17 06:10:12.540596
https://gpsc.gujarat.gov.in/Documents/AdvertismentDocument/INCDU-04-11-2025.pdf,Date,૨૧/૧૧/૨૦૨૫,2025-11-17 06:10:12.538756
https://gpsc.gujarat.gov.in/Documents/AdvertismentDocument/INCDU-04-11-2025.pdf,Date,૧૦/૧૧/૨૦૨૫,2025-11-17 06:10:12.5365
https://gpsc.gujarat.gov.in/Documents/AdvertismentDocument/INCDU-04-11-2025.pdf,Date,૨૦/૧૧/૨૦૨૫,2025-11-17 06:10:12.533993
https://gpsc.gujarat.gov.in/Documents/AdvertismentDocument/INCDU-04-11-2025.pdf,Date,૨૪/૧૦/૨૦૨૫,2025-11-17 06:10:12.530606
https://gpsc.gujarat.gov.in/Documents/AdvertismentDocument/INCDU-04-11-2025.pdf,Date,૦૩/૧૧/૨૦૨૫,2025-11-17 06:10:12.517758
https://gpsc.gujarat.gov.in/Documents/AdvertismentDocument/IN-SCRIBE-CT-FORM-DIVYANG.pdf,Keyvalue,Note:,2025-11-17 06:10:10.140793
https://gpsc.gujarat.gov.in/Documents/AdvertismentDocument/IN-SCRIBE-CT-FORM-DIVYANG.pdf,Keyvalue,"with disability), a person with __________________(nature and",2025-11-17 06:10:10.128813
https://gpsc.gujarat.gov.in/Documents/AdvertismentDocument/FRSDM-202425.pdf,Date,23/07/2004,2025-11-17 06:10:03.406871
https://gpsc.gujarat.gov.in/Documents/AdvertismentDocument/FRSDM-202425.pdf,Year Range,2010-03,2025-11-17 06:10:03.405098
https://gpsc.gujarat.gov.in/Documents/AdvertismentDocument/FRSDM-202425.pdf,Date,29/01/2000,2025-11-17 06:10:03.402746
https://gpsc.gujarat.gov.in/Documents/AdvertismentDocument/FRSDM-202425.pdf,Keyvalue,"was available for the interviews. Incase ofequal marks, the merit isassigned onthe basis ofmerit-cum-seniority/Merit No. ofthe candidate inthe Competi",2025-11-17 06:10:03.400101
https://gpsc.gujarat.gov.in/Documents/AdvertismentDocument/FRSDM-202425.pdf,Date,19-05-2025,2025-11-17 06:10:03.397015
https://gpsc.gujarat.gov.in/Documents/AdvertismentDocument/FRSDM-202425.pdf,Keyvalue,19-05-2025 Joint Secretary,2025-11-17 06:10:03.395766
https://gpsc.gujarat.gov.in/Documents/AdvertismentDocument/FRSDM-202425.pdf,Keyvalue,CodeE.,2025-11-17 06:10:03.39457
https://gpsc.gujarat.gov.in/Documents/AdvertismentDocument/FRSDM-202425.pdf,Keyvalue,CodeE.,2025-11-17 06:10:03.393349
https://gpsc.gujarat.gov.in/Documents/AdvertismentDocument/FRSDM-202425.pdf,Keyvalue,CodeE.,2025-11-17 06:10:03.391602
https://gpsc.gujarat.gov.in/Documents/AdvertismentDocument/FRSDM-202425.pdf,Year Range,2024-25,2025-11-17 06:10:03.390278
https://gpsc.gujarat.gov.in/Documents/AdvertismentDocument/FRSDM-202425.pdf,Date,19-05-2025,2025-11-17 06:10:03.388917
https://gpsc.gujarat.gov.in/Documents/AdvertismentDocument/FRSDM-202425.pdf,Keyvalue,-19-05-2025,2025-11-17 06:10:03.386952
https://gpsc.gujarat.gov.in/Documents/AdvertismentDocument/FRSDM-202425.pdf,Keyvalue,CodeE.,2025-11-17 06:10:03.383023
https://upsc.gov.in/sites/default/files/AddndmNoticeCISF-2025-Engl-200625.pdf,Keyvalue,seni or in age will be ranked higher; and,2025-11-17 06:09:21.687597
https://upsc.gov.in/sites/default/files/AddndmNoticeCISF-2025-Engl-200625.pdf,Keyvalue,securing more marks in “Paper -I: General Ability &,2025-11-17 06:09:21.685136
https://upsc.gov.in/sites/default/files/AddndmNoticeCISF-2025-Engl-200625.pdf,Keyvalue,securing more marks in the,2025-11-17 06:09:21.670005
https://upsc.gov.in/sites/default/files/250625-RollList-WR-CISF-25-Engl.pdf,Keyvalue,of publication of the final,2025-11-17 06:09:20.894893
https://upsc.gov.in/sites/default/files/250625-RollList-WR-CISF-25-Engl.pdf,Date,27.04.2025,2025-11-17 06:09:20.892095
https://upsc.gov.in/sites/default/files/TT-CISF-AC-EXE-LDCE-2025-Eng-270325.pdf,Date,27.04.2025,2025-11-17 06:09:20.196312
https://upsc.gov.in/sites/default/files/TT-CISF-AC-EXE-LDCE-2025-Eng-270325.pdf,Keyvalue,& Day,2025-11-17 06:09:20.187995
https://upsc.gov.in/sites/default/files/Notif-CISF-AC-EXE-LDCE-25-Engl-041224.pdf,Date,31.05.2021,2025-11-17 06:09:19.908036
https://upsc.gov.in/sites/default/files/Notif-CISF-AC-EXE-LDCE-25-Engl-041224.pdf,Date,20.05.2015,2025-11-17 06:09:19.906536
https://upsc.gov.in/sites/default/files/Notif-CISF-AC-EXE-LDCE-25-Engl-041224.pdf,Keyvalue,"should not suffer from Hernia, hemorrhoids, condylomata prolapse rectum.",2025-11-17 06:09:19.904703
https://upsc.gov.in/sites/default/files/Notif-CISF-AC-EXE-LDCE-25-Engl-041224.pdf,Keyvalue,should not suffer from TACHYCARDIA (more than 100 pulse rate per minute),2025-11-17 06:09:19.902605
https://upsc.gov.in/sites/default/files/Notif-CISF-AC-EXE-LDCE-25-Engl-041224.pdf,Keyvalue,"must not have knock knees, flat foot, varicose veins.",2025-11-17 06:09:19.900061
https://upsc.gov.in/sites/default/files/Notif-CISF-AC-EXE-LDCE-25-Engl-041224.pdf,Keyvalue,"should have no inguinal, scrotal swelling, any type of Hernia.",2025-11-17 06:09:19.896779
https://upsc.gov.in/sites/default/files/Notif-CISF-AC-EXE-LDCE-25-Engl-041224.pdf,Keyvalue,should have no disease of the genito-urinary tract.,2025-11-17 06:09:19.895405
https://upsc.gov.in/sites/default/files/Notif-CISF-AC-EXE-LDCE-25-Engl-041224.pdf,Keyvalue,should not have perceptible and visible glandular swelling anywhere in the,2025-11-17 06:09:19.893855
https://upsc.gov.in/sites/default/files/Notif-CISF-AC-EXE-LDCE-25-Engl-041224.pdf,Keyvalue,"should not have any indication of chronic disease like TB, any type of",2025-11-17 06:09:19.892402
https://upsc.gov.in/sites/default/files/Notif-CISF-AC-EXE-LDCE-25-Engl-041224.pdf,Keyvalue,"should not have chronic skin diseases like Leprosy,",2025-11-17 06:09:19.890983
https://upsc.gov.in/sites/default/files/Notif-CISF-AC-EXE-LDCE-25-Engl-041224.pdf,Keyvalue,should not have active signs of clinical VD.,2025-11-17 06:09:19.889328
https://upsc.gov.in/sites/default/files/Notif-CISF-AC-EXE-LDCE-25-Engl-041224.pdf,Keyvalue,should not have severe pyorrhea.,2025-11-17 06:09:19.886723
https://upsc.gov.in/sites/default/files/Notif-CISF-AC-EXE-LDCE-25-Engl-041224.pdf,Keyvalue,must possess sufficient number of sound teeth for efficient,2025-11-17 06:09:19.884339
https://upsc.gov.in/sites/default/files/Notif-CISF-AC-EXE-LDCE-25-Engl-041224.pdf,Keyvalue,"should not have enlarged lymph nodes, thyroid or other swelling of",2025-11-17 06:09:19.880298
https://upsc.gov.in/sites/default/files/Notif-CISF-AC-EXE-LDCE-25-Engl-041224.pdf,Keyvalue,"should not have DNS, atrophic rhinitis, tubercular, ulceration, chronic",2025-11-17 06:09:19.878917
https://upsc.gov.in/sites/default/files/Notif-CISF-AC-EXE-LDCE-25-Engl-041224.pdf,Keyvalue,should not have any other condition (congenital or acquired) like,2025-11-17 06:09:19.877676
https://upsc.gov.in/sites/default/files/Notif-CISF-AC-EXE-LDCE-25-Engl-041224.pdf,Keyvalue,should not have any degree of deafness or persistent ear discharge,2025-11-17 06:09:19.876453
https://upsc.gov.in/sites/default/files/Notif-CISF-AC-EXE-LDCE-25-Engl-041224.pdf,Keyvalue,will be tested for colour vision by Ishahara’s test as well as Edridge-Green Lantern,2025-11-17 06:09:19.87515
https://upsc.gov.in/sites/default/files/Notif-CISF-AC-EXE-LDCE-25-Engl-041224.pdf,Keyvalue,should not have squint of any degree and should have high colour vision.,2025-11-17 06:09:19.873833
https://upsc.gov.in/sites/default/files/Notif-CISF-AC-EXE-LDCE-25-Engl-041224.pdf,Keyvalue,(for all categories) are as follows:,2025-11-17 06:09:19.872448
https://upsc.gov.in/sites/default/files/Notif-CISF-AC-EXE-LDCE-25-Engl-041224.pdf,Post,"OF 
ASSISTANT COMMANDANTS IN THE CISF SELECTED THROUGH LIMITED 
DEPARTMETNAL COM",2025-11-17 06:09:19.870408
https://upsc.gov.in/sites/default/files/Notif-CISF-AC-EXE-LDCE-25-Engl-041224.pdf,Keyvalue,FOR THE POST OF,2025-11-17 06:09:19.867537
https://upsc.gov.in/sites/default/files/Notif-CISF-AC-EXE-LDCE-25-Engl-041224.pdf,Keyvalue,indicates a medium on the Attendance List and on the,2025-11-17 06:09:19.864743
https://upsc.gov.in/sites/default/files/Notif-CISF-AC-EXE-LDCE-25-Engl-041224.pdf,Post,"of Assistant Commandants in Central Industrial Security Force   
 
(I) Scheme of",2025-11-17 06:09:19.863149
https://upsc.gov.in/sites/default/files/Notif-CISF-AC-EXE-LDCE-25-Engl-041224.pdf,Keyvalue,of Assistant Commandants in Central Industrial Security Force,2025-11-17 06:09:19.861809
https://upsc.gov.in/sites/default/files/Notif-CISF-AC-EXE-LDCE-25-Engl-041224.pdf,Keyvalue,at,2025-11-17 06:09:19.860497
https://upsc.gov.in/sites/default/files/Notif-CISF-AC-EXE-LDCE-25-Engl-041224.pdf,Post,"of Assistant 
Commandants (Executive) for training and medical examination",2025-11-17 06:09:19.859271
https://upsc.gov.in/sites/default/files/Notif-CISF-AC-EXE-LDCE-25-Engl-041224.pdf,Keyvalue,of Assistant,2025-11-17 06:09:19.857986
https://upsc.gov.in/sites/default/files/Notif-CISF-AC-EXE-LDCE-25-Engl-041224.pdf,Date,28.01.2009,2025-11-17 06:09:19.856631
https://upsc.gov.in/sites/default/files/Notif-CISF-AC-EXE-LDCE-25-Engl-041224.pdf,Keyvalue,should be,2025-11-17 06:09:19.855188
https://upsc.gov.in/sites/default/files/Notif-CISF-AC-EXE-LDCE-25-Engl-041224.pdf,Keyvalue,must be in good mental and bodily health and free from any physical defect,2025-11-17 06:09:19.852674
https://upsc.gov.in/sites/default/files/Notif-CISF-AC-EXE-LDCE-25-Engl-041224.pdf,Keyvalue,and in that order so many,2025-11-17 06:09:19.849346
https://upsc.gov.in/sites/default/files/Notif-CISF-AC-EXE-LDCE-25-Engl-041224.pdf,Post,(a)   Leadership,2025-11-17 06:09:19.846893
https://upsc.gov.in/sites/default/files/Notif-CISF-AC-EXE-LDCE-25-Engl-041224.pdf,Keyvalue,"(a)   Leadership, drive, determination, quick decision making etc.",2025-11-17 06:09:19.845528
https://upsc.gov.in/sites/default/files/Notif-CISF-AC-EXE-LDCE-25-Engl-041224.pdf,Keyvalue,inter-alia in the following:,2025-11-17 06:09:19.844113
https://upsc.gov.in/sites/default/files/Notif-CISF-AC-EXE-LDCE-25-Engl-041224.pdf,Keyvalue,will be asked,2025-11-17 06:09:19.842643
https://upsc.gov.in/sites/default/files/Notif-CISF-AC-EXE-LDCE-25-Engl-041224.pdf,Keyvalue,and the same should be,2025-11-17 06:09:19.841109
https://upsc.gov.in/sites/default/files/Notif-CISF-AC-EXE-LDCE-25-Engl-041224.pdf,Post,"kept reserved for and allow the benefit of seniority in accordance with the 
ins",2025-11-17 06:09:19.83959
https://upsc.gov.in/sites/default/files/Notif-CISF-AC-EXE-LDCE-25-Engl-041224.pdf,Keyvalue,kept reserved for and allow the benefit of seniority in accordance with the,2025-11-17 06:09:19.837826
https://upsc.gov.in/sites/default/files/Notif-CISF-AC-EXE-LDCE-25-Engl-041224.pdf,Keyvalue,of,2025-11-17 06:09:19.83541
https://upsc.gov.in/sites/default/files/Notif-CISF-AC-EXE-LDCE-25-Engl-041224.pdf,Post,"against which a woman candidate was selected should be 
kept reserved for her",2025-11-17 06:09:19.832815
https://upsc.gov.in/sites/default/files/Notif-CISF-AC-EXE-LDCE-25-Engl-041224.pdf,Keyvalue,against which a woman candidate was selected should be,2025-11-17 06:09:19.830601
https://upsc.gov.in/sites/default/files/Notif-CISF-AC-EXE-LDCE-25-Engl-041224.pdf,Keyvalue,"declares that she is pregnant before PST/PET, then a confirmatory pregnancy test to",2025-11-17 06:09:19.829115
https://upsc.gov.in/sites/default/files/Notif-CISF-AC-EXE-LDCE-25-Engl-041224.pdf,Keyvalue,within the period,2025-11-17 06:09:19.827702
https://upsc.gov.in/sites/default/files/Notif-CISF-AC-EXE-LDCE-25-Engl-041224.pdf,Keyvalue,may wish to make in that behalf; and,2025-11-17 06:09:19.826244
https://upsc.gov.in/sites/default/files/Notif-CISF-AC-EXE-LDCE-25-Engl-041224.pdf,Keyvalue,an opportunity of making such representation in writing as the,2025-11-17 06:09:19.824755
https://upsc.gov.in/sites/default/files/Notif-CISF-AC-EXE-LDCE-25-Engl-041224.pdf,Keyvalue,who is or has been declared by the Commission to be guilty of:—,2025-11-17 06:09:19.823171
https://upsc.gov.in/sites/default/files/Notif-CISF-AC-EXE-LDCE-25-Engl-041224.pdf,Keyvalue,of examination and can be downloaded by the eligible,2025-11-17 06:09:19.821405
https://upsc.gov.in/sites/default/files/Notif-CISF-AC-EXE-LDCE-25-Engl-041224.pdf,Keyvalue,and his/her eligibility or otherwise for admission to the examination shall be final.,2025-11-17 06:09:19.819131
https://upsc.gov.in/sites/default/files/Notif-CISF-AC-EXE-LDCE-25-Engl-041224.pdf,Keyvalue,of the Rules of the Examination in the Gazette of India by Ministry of,2025-11-17 06:09:19.81645
https://upsc.gov.in/sites/default/files/Notif-CISF-AC-EXE-LDCE-25-Engl-041224.pdf,Keyvalue,belongs to a Schedule Caste,2025-11-17 06:09:19.813175
https://upsc.gov.in/sites/default/files/Notif-CISF-AC-EXE-LDCE-25-Engl-041224.pdf,Keyvalue,"must not have attained the age of 35 years on the 01st August, 2025 i.e. he/she",2025-11-17 06:09:19.811793
https://upsc.gov.in/sites/default/files/Notif-CISF-AC-EXE-LDCE-25-Engl-041224.pdf,Post,year,2025-11-17 06:09:19.81057
https://upsc.gov.in/sites/default/files/Notif-CISF-AC-EXE-LDCE-25-Engl-041224.pdf,Keyvalue,year 2025 are published for general information. The final selection of the candidates will be,2025-11-17 06:09:19.809345
https://upsc.gov.in/sites/default/files/Notif-CISF-AC-EXE-LDCE-25-Engl-041224.pdf,Date,"04 December, 2024",2025-11-17 06:09:19.808067
https://upsc.gov.in/sites/default/files/Notif-CISF-AC-EXE-LDCE-25-Engl-041224.pdf,Keyvalue,"New Delhi, the 04 December, 2024",2025-11-17 06:09:19.806711
https://upsc.gov.in/sites/default/files/Notif-CISF-AC-EXE-LDCE-25-Engl-041224.pdf,Keyvalue,of Birth (as recorded in the matriculation/secondary examination,2025-11-17 06:09:19.80505
https://upsc.gov.in/sites/default/files/Notif-CISF-AC-EXE-LDCE-25-Engl-041224.pdf,Keyvalue,for receiving printed copy (hard copy) of online,2025-11-17 06:09:19.802243
https://upsc.gov.in/sites/default/files/Notif-CISF-AC-EXE-LDCE-25-Engl-041224.pdf,Date,24.12.2024,2025-11-17 06:09:19.798938
https://upsc.gov.in/sites/default/files/Notif-CISF-AC-EXE-LDCE-25-Engl-041224.pdf,Keyvalue,FOR RECIEPT OF APPLICATIONS:,2025-11-17 06:09:19.796409
https://upsc.gov.in/sites/default/files/Notif-CISF-AC-EXE-LDCE-25-Engl-041224.pdf,Date,10.01.2025,2025-11-17 06:09:19.794927
https://upsc.gov.in/sites/default/files/Notif-CISF-AC-EXE-LDCE-25-Engl-041224.pdf,Keyvalue,"wants to carry out any change in his/her OTR profile during this period, then",2025-11-17 06:09:19.793537
https://upsc.gov.in/sites/default/files/Notif-CISF-AC-EXE-LDCE-25-Engl-041224.pdf,Date,31.12.2024,2025-11-17 06:09:19.792083
https://upsc.gov.in/sites/default/files/Notif-CISF-AC-EXE-LDCE-25-Engl-041224.pdf,Date,25.12.2024,2025-11-17 06:09:19.790498
https://upsc.gov.in/sites/default/files/Notif-CISF-AC-EXE-LDCE-25-Engl-041224.pdf,Keyvalue,of opening of the same i.e. from 25.12.2024 to 31.12.2024.  In case a,2025-11-17 06:09:19.788432
https://upsc.gov.in/sites/default/files/Notif-CISF-AC-EXE-LDCE-25-Engl-041224.pdf,Date,31.12.2024,2025-11-17 06:09:19.785227
https://upsc.gov.in/sites/default/files/Notif-CISF-AC-EXE-LDCE-25-Engl-041224.pdf,Keyvalue,of modification of OTR would be,2025-11-17 06:09:19.78176
https://upsc.gov.in/sites/default/files/Notif-CISF-AC-EXE-LDCE-25-Engl-041224.pdf,Keyvalue,after registration of OTR applies,2025-11-17 06:09:19.779665
https://upsc.gov.in/sites/default/files/Notif-CISF-AC-EXE-LDCE-25-Engl-041224.pdf,Keyvalue,"wants to effect any change in his/her OTR profile, it shall",2025-11-17 06:09:19.778429
https://upsc.gov.in/sites/default/files/Notif-CISF-AC-EXE-LDCE-25-Engl-041224.pdf,Keyvalue,should ensure that all columns of the Online Application Form are,2025-11-17 06:09:19.777133
https://upsc.gov.in/sites/default/files/Notif-CISF-AC-EXE-LDCE-25-Engl-041224.pdf,Keyvalue,will not imply that his/her,2025-11-17 06:09:19.775765
https://upsc.gov.in/sites/default/files/Notif-CISF-AC-EXE-LDCE-25-Engl-041224.pdf,Keyvalue,of examination before the commencement of the,2025-11-17 06:09:19.774403
https://upsc.gov.in/sites/default/files/Notif-CISF-AC-EXE-LDCE-25-Engl-041224.pdf,Keyvalue,to 6.00 p.m. of the 7th day is fixed for the candidates,2025-11-17 06:09:19.772934
https://upsc.gov.in/sites/default/files/Notif-CISF-AC-EXE-LDCE-25-Engl-041224.pdf,Keyvalue,"wants to carry out any change in his/her OTR profile during this period,",2025-11-17 06:09:19.770345
https://upsc.gov.in/sites/default/files/Notif-CISF-AC-EXE-LDCE-25-Engl-041224.pdf,Date,31.12.2024,2025-11-17 06:09:19.767666
https://upsc.gov.in/sites/default/files/Notif-CISF-AC-EXE-LDCE-25-Engl-041224.pdf,Date,25.12.2024,2025-11-17 06:09:19.763788
https://upsc.gov.in/sites/default/files/Notif-CISF-AC-EXE-LDCE-25-Engl-041224.pdf,Keyvalue,of opening of the same i.e. from 25.12.2024 to 31.12.2024  In case,2025-11-17 06:09:19.76204
https://upsc.gov.in/sites/default/files/Notif-CISF-AC-EXE-LDCE-25-Engl-041224.pdf,Date,31.12.2024,2025-11-17 06:09:19.760448
https://upsc.gov.in/sites/default/files/Notif-CISF-AC-EXE-LDCE-25-Engl-041224.pdf,Keyvalue,of modification of OTR would be,2025-11-17 06:09:19.758735
https://upsc.gov.in/sites/default/files/Notif-CISF-AC-EXE-LDCE-25-Engl-041224.pdf,Keyvalue,after registration of OTR applies,2025-11-17 06:09:19.756668
https://upsc.gov.in/sites/default/files/Notif-CISF-AC-EXE-LDCE-25-Engl-041224.pdf,Keyvalue,"wants to effect any change in his/her OTR profile, it shall",2025-11-17 06:09:19.753701
https://upsc.gov.in/sites/default/files/Notif-CISF-AC-EXE-LDCE-25-Engl-041224.pdf,Keyvalue,should ensure that all columns of the Online Application Form are,2025-11-17 06:09:19.750807
https://upsc.gov.in/sites/default/files/Notif-CISF-AC-EXE-LDCE-25-Engl-041224.pdf,Keyvalue,3.1 The candidates are required to fill in the application form online on UPSC’s,2025-11-17 06:09:19.746606
https://upsc.gov.in/sites/default/files/Notif-CISF-AC-EXE-LDCE-25-Engl-041224.pdf,Date,04.12.2024,2025-11-17 06:09:19.741819
https://upsc.gov.in/sites/default/files/Intv-CISF-2025-Engl-290825.pdf,Keyvalue,of Interview,2025-11-17 06:09:18.470091
https://upsc.gov.in/sites/default/files/Intv-CISF-2025-Engl-290825.pdf,Keyvalue,may contact UPSC Facilitation,2025-11-17 06:09:18.457195
https://upsc.gov.in/sites/default/files/Intv-CISF-2025-Engl-290825.pdf,Date,10.09.2025,2025-11-17 06:09:17.287535
https://upsc.gov.in/sites/default/files/WR-NameList-CISF-25-Engl-180725.pdf,Keyvalue,of publication of the final,2025-11-17 06:09:16.775985
https://upsc.gov.in/sites/default/files/WR-NameList-CISF-25-Engl-180725.pdf,Date,27.04.2025,2025-11-17 06:09:16.773391
https://gpsc.gujarat.gov.in/Documents/AdvertismentDocument/2018-1-31_985.pdf,Keyvalue,19/01/17,2025-11-17 06:09:12.792757
https://gpsc.gujarat.gov.in/Documents/AdvertismentDocument/2018-1-31_985.pdf,Keyvalue,of Publishing the Advertisement or  PT or,2025-11-17 06:09:12.791226
https://gpsc.gujarat.gov.in/Documents/AdvertismentDocument/2018-1-31_985.pdf,Keyvalue,of PT  Tentative,2025-11-17 06:09:12.788943
https://gpsc.gujarat.gov.in/Documents/AdvertismentDocument/2018-1-31_985.pdf,Keyvalue,Tentative,2025-11-17 06:09:12.786157
https://gpsc.gujarat.gov.in/Documents/AdvertismentDocument/2018-1-31_985.pdf,Keyvalue,of,2025-11-17 06:09:12.780997
https://gpsc.gujarat.gov.in/Documents/AdvertismentDocument/2018-1-31_985.pdf,Keyvalue,No. of,2025-11-17 06:09:12.779142
https://gpsc.gujarat.gov.in/Documents/AdvertismentDocument/2018-1-31_985.pdf,Date,"18 Feb-
2018",2025-11-17 06:09:12.777703
https://gpsc.gujarat.gov.in/Documents/AdvertismentDocument/2018-1-31_985.pdf,Keyvalue,11.18 Feb-,2025-11-17 06:09:12.776187
https://gpsc.gujarat.gov.in/Documents/AdvertismentDocument/2018-1-31_985.pdf,Date,"15 April -
2018",2025-11-17 06:09:12.774573
https://gpsc.gujarat.gov.in/Documents/AdvertismentDocument/2018-1-31_985.pdf,Keyvalue,"8,15 April -",2025-11-17 06:09:12.772538
https://gpsc.gujarat.gov.in/Documents/AdvertismentDocument/2018-1-31_985.pdf,Keyvalue,Of,2025-11-17 06:09:12.770204
https://gpsc.gujarat.gov.in/Documents/AdvertismentDocument/2018-1-31_985.pdf,Keyvalue,of PT  Tentative,2025-11-17 06:09:12.764273
https://gpsc.gujarat.gov.in/Documents/AdvertismentDocument/2018-1-31_985.pdf,Keyvalue,Tentative,2025-11-17 06:09:12.762625
https://gpsc.gujarat.gov.in/Documents/AdvertismentDocument/2018-1-31_985.pdf,Keyvalue,of,2025-11-17 06:09:12.761313
https://gpsc.gujarat.gov.in/Documents/AdvertismentDocument/2018-1-31_985.pdf,Keyvalue,No. of,2025-11-17 06:09:12.759998
https://gpsc.gujarat.gov.in/Documents/AdvertismentDocument/2018-1-31_985.pdf,Keyvalue,of PT  Tentative,2025-11-17 06:09:12.758599
https://gpsc.gujarat.gov.in/Documents/AdvertismentDocument/2018-1-31_985.pdf,Keyvalue,Tentative,2025-11-17 06:09:12.757075
https://gpsc.gujarat.gov.in/Documents/AdvertismentDocument/2018-1-31_985.pdf,Keyvalue,of,2025-11-17 06:09:12.75493
https://gpsc.gujarat.gov.in/Documents/AdvertismentDocument/2018-1-31_985.pdf,Keyvalue,No. of,2025-11-17 06:09:12.75171
https://gpsc.gujarat.gov.in/Documents/AdvertismentDocument/2018-1-31_985.pdf,Keyvalue,of PT  Tentative,2025-11-17 06:09:12.747189
https://gpsc.gujarat.gov.in/Documents/AdvertismentDocument/2018-1-31_985.pdf,Keyvalue,Tentative,2025-11-17 06:09:12.74564
https://gpsc.gujarat.gov.in/Documents/AdvertismentDocument/2018-1-31_985.pdf,Keyvalue,of,2025-11-17 06:09:12.744418
https://gpsc.gujarat.gov.in/Documents/AdvertismentDocument/2018-1-31_985.pdf,Keyvalue,No. of,2025-11-17 06:09:12.743097
https://gpsc.gujarat.gov.in/Documents/AdvertismentDocument/2018-1-31_985.pdf,Keyvalue,Result,2025-11-17 06:09:12.741604
https://gpsc.gujarat.gov.in/Documents/AdvertismentDocument/2018-1-31_985.pdf,Keyvalue,"Sept. 17,",2025-11-17 06:09:12.739823
https://gpsc.gujarat.gov.in/Documents/AdvertismentDocument/2018-1-31_985.pdf,Keyvalue,of PT  Tentative,2025-11-17 06:09:12.73768
https://gpsc.gujarat.gov.in/Documents/AdvertismentDocument/2018-1-31_985.pdf,Keyvalue,Tentative,2025-11-17 06:09:12.735494
https://gpsc.gujarat.gov.in/Documents/AdvertismentDocument/2018-1-31_985.pdf,Keyvalue,of,2025-11-17 06:09:12.729819
https://gpsc.gujarat.gov.in/Documents/AdvertismentDocument/2018-1-31_985.pdf,Keyvalue,No. of,2025-11-17 06:09:12.727148
https://gpsc.gujarat.gov.in/Documents/AdvertismentDocument/2018-1-31_985.pdf,Keyvalue,of PT  Tentative,2025-11-17 06:09:12.723549
https://gpsc.gujarat.gov.in/Documents/AdvertismentDocument/2018-1-31_985.pdf,Keyvalue,Tentative,2025-11-17 06:09:12.721662
https://gpsc.gujarat.gov.in/Documents/AdvertismentDocument/2018-1-31_985.pdf,Keyvalue,of,2025-11-17 06:09:12.718776
https://gpsc.gujarat.gov.in/Documents/AdvertismentDocument/2018-1-31_985.pdf,Keyvalue,No. of,2025-11-17 06:09:12.7047
https://gpsc.gujarat.gov.in/Documents/2017-10-26_7.pdf,Date,15.12.2018,2025-11-17 06:09:04.920161
https://gpsc.gujarat.gov.in/Documents/2017-10-26_7.pdf,Date,05.10.2018,2025-11-17 06:09:04.9167
https://gpsc.gujarat.gov.in/Documents/2017-10-26_7.pdf,Date,12.09.2018,2025-11-17 06:09:04.913064
https://gpsc.gujarat.gov.in/Documents/2017-10-26_7.pdf,Date,02.12.2018,2025-11-17 06:09:04.911542
https://gpsc.gujarat.gov.in/Documents/2017-10-26_7.pdf,Date,25.11.2018,2025-11-17 06:09:04.910092
https://gpsc.gujarat.gov.in/Documents/2017-10-26_7.pdf,Date,18.11.2018,2025-11-17 06:09:04.908563
https://gpsc.gujarat.gov.in/Documents/2017-10-26_7.pdf,Date,03.09.2018,2025-11-17 06:09:04.906951
https://gpsc.gujarat.gov.in/Documents/2017-10-26_7.pdf,Date,08.08.2018,2025-11-17 06:09:04.904781
https://gpsc.gujarat.gov.in/Documents/2017-10-26_7.pdf,Date,28.10.2018,2025-11-17 06:09:04.903092
https://gpsc.gujarat.gov.in/Documents/2017-10-26_7.pdf,Date,01.10.2018,2025-11-17 06:09:04.900886
https://gpsc.gujarat.gov.in/Documents/2017-10-26_7.pdf,Date,23.09.2018,2025-11-17 06:09:04.897412
https://gpsc.gujarat.gov.in/Documents/2017-10-26_7.pdf,Date,09.09.2018,2025-11-17 06:09:04.895873
https://gpsc.gujarat.gov.in/Documents/2017-10-26_7.pdf,Date,02.07.2018,2025-11-17 06:09:04.894576
https://gpsc.gujarat.gov.in/Documents/2017-10-26_7.pdf,Date,06.06.2018,2025-11-17 06:09:04.893278
https://gpsc.gujarat.gov.in/Documents/2017-10-26_7.pdf,Date,19.08.2018,2025-11-17 06:09:04.891952
https://gpsc.gujarat.gov.in/Documents/2017-10-26_7.pdf,Date,12.08.2018,2025-11-17 06:09:04.890649
https://gpsc.gujarat.gov.in/Documents/2017-10-26_7.pdf,Date,21.05.2018,2025-11-17 06:09:04.889357
https://gpsc.gujarat.gov.in/Documents/2017-10-26_7.pdf,Date,25.04.2018,2025-11-17 06:09:04.887724
https://gpsc.gujarat.gov.in/Documents/2017-10-26_7.pdf,Date,29.07.2018,2025-11-17 06:09:04.885348
https://gpsc.gujarat.gov.in/Documents/2017-10-26_7.pdf,Date,22.07.2018,2025-11-17 06:09:04.880633
https://gpsc.gujarat.gov.in/Documents/2017-10-26_7.pdf,Date,07.05.2018,2025-11-17 06:09:04.87908
https://gpsc.gujarat.gov.in/Documents/2017-10-26_7.pdf,Date,11.04.2018,2025-11-17 06:09:04.877666
https://gpsc.gujarat.gov.in/Documents/2017-10-26_7.pdf,Date,01.07.2018,2025-11-17 06:09:04.87618
https://gpsc.gujarat.gov.in/Documents/2017-10-26_7.pdf,Date,29.6.2018,2025-11-17 06:09:04.874657
https://gpsc.gujarat.gov.in/Documents/2017-10-26_7.pdf,Date,16.04.2018,2025-11-17 06:09:04.873148
https://gpsc.gujarat.gov.in/Documents/2017-10-26_7.pdf,Date,21.03.2018,2025-11-17 06:09:04.871184
https://gpsc.gujarat.gov.in/Documents/2017-10-26_7.pdf,Date,29.6.2018,2025-11-17 06:09:04.868637
https://gpsc.gujarat.gov.in/Documents/2017-10-26_7.pdf,Date,16.04.2018,2025-11-17 06:09:04.863739
https://gpsc.gujarat.gov.in/Documents/2017-10-26_7.pdf,Date,21.03.2018,2025-11-17 06:09:04.862139
https://gpsc.gujarat.gov.in/Documents/2017-10-26_7.pdf,Date,03.06.2018,2025-11-17 06:09:04.860625
https://gpsc.gujarat.gov.in/Documents/2017-10-26_7.pdf,Date,06.03.2018,2025-11-17 06:09:04.859009
https://gpsc.gujarat.gov.in/Documents/2017-10-26_7.pdf,Date,22.04.2018,2025-11-17 06:09:04.857321
https://gpsc.gujarat.gov.in/Documents/2017-10-26_7.pdf,Date,05.02.2018,2025-11-17 06:09:04.855211
https://gpsc.gujarat.gov.in/Documents/2017-10-26_7.pdf,Date,10.01.2018,2025-11-17 06:09:04.852569
https://gpsc.gujarat.gov.in/Documents/2017-10-26_7.pdf,Date,11.03.2018,2025-11-17 06:09:04.847819
https://gpsc.gujarat.gov.in/Documents/2017-10-26_7.pdf,Date,04.03.2018,2025-11-17 06:09:04.845722
https://gpsc.gujarat.gov.in/Documents/2017-10-26_7.pdf,Date,29.12.2017,2025-11-17 06:09:04.844069
https://gpsc.gujarat.gov.in/Documents/2017-10-26_7.pdf,Date,06.12.2017,2025-11-17 06:09:04.84227
https://gpsc.gujarat.gov.in/Documents/2017-10-26_7.pdf,Date,25.02.2018,2025-11-17 06:09:04.84031
https://gpsc.gujarat.gov.in/Documents/2017-10-26_7.pdf,Date,04.02.2018,2025-11-17 06:09:04.837881
https://gpsc.gujarat.gov.in/Documents/2017-10-26_7.pdf,Date,04.12.2017,2025-11-17 06:09:04.835206
https://gpsc.gujarat.gov.in/Documents/2017-10-26_7.pdf,Date,08.11.2017,2025-11-17 06:09:04.83033
https://gpsc.gujarat.gov.in/Documents/2017-10-26_7.pdf,Date,21.01.2018,2025-11-17 06:09:04.828622
https://gpsc.gujarat.gov.in/Documents/2017-10-26_7.pdf,Date,07.01.2018,2025-11-17 06:09:04.827063
https://gpsc.gujarat.gov.in/Documents/2017-10-26_7.pdf,Date,23.10.2017,2025-11-17 06:09:04.825171
https://gpsc.gujarat.gov.in/Documents/2017-10-26_7.pdf,Date,27.09.2017,2025-11-17 06:09:04.823223
https://gpsc.gujarat.gov.in/Documents/2017-10-26_7.pdf,Keyvalue,"1 Engineering Services (Preliminary) Examination, 2018 27.09.2017 23.10.2017 07.01.2018",2025-11-17 06:09:04.821227
https://gpsc.gujarat.gov.in/Documents/2017-10-26_7.pdf,Keyvalue,Duration of,2025-11-17 06:09:04.818483
https://gpsc.gujarat.gov.in/Documents/2017-10-26_7.pdf,Keyvalue,of,2025-11-17 06:09:04.813329
https://gpsc.gujarat.gov.in/Documents/2017-10-26_7.pdf,Keyvalue,Last Date for,2025-11-17 06:09:04.811238
https://gpsc.gujarat.gov.in/Documents/2017-10-26_7.pdf,Keyvalue,of,2025-11-17 06:09:04.808164
